horizon,term,estimate,std_error,t_value,p_value,nobs,adjusted_r2,se_type
1,const,0.111493,0.18291,0.609553,0.542158,314,-0.00317,HAC
1,gpr_change_z,-0.018622,0.213225,-0.087337,0.930404,314,-0.00317,HAC
3,const,0.369536,0.531909,0.694736,0.487221,312,-0.002801,HAC
3,gpr_change_z,-0.125803,0.581777,-0.216239,0.828801,312,-0.002801,HAC
6,const,0.755282,1.058123,0.713794,0.475354,309,-0.001405,HAC
6,gpr_change_z,0.398273,0.604668,0.658663,0.510112,309,-0.001405,HAC
