horizon,term,estimate,std_error,t_value,p_value,nobs,adjusted_r2,se_type
1,const,-0.003902,0.031979,-0.12202,0.902883,298,-0.003721,HAC
1,gpr_change_z,-0.018749,0.019278,-0.972531,0.330787,298,-0.003721,HAC
1,sample_global_cycle,-0.016479,0.044332,-0.371716,0.710104,298,-0.003721,HAC
3,const,-0.017479,0.132949,-0.131475,0.895399,296,-0.003314,HAC
3,gpr_change_z,-0.065335,0.049511,-1.319596,0.18697,296,-0.003314,HAC
3,sample_global_cycle,-0.03284,0.182349,-0.180094,0.857079,296,-0.003314,HAC
6,const,-0.046824,0.333023,-0.140604,0.888183,293,-0.002345,HAC
6,gpr_change_z,-0.151545,0.09707,-1.56119,0.118479,293,-0.002345,HAC
6,sample_global_cycle,-0.010887,0.448954,-0.024249,0.980654,293,-0.002345,HAC
